timestamp,pod_name,pod_cpu_request_milli,pod_ram_request_mib,candidate_node_name,node_cpu_total_milli,node_ram_total_mib,node_cpu_model_energy_val,node_type,energy_before,energy_after
2025-05-31T14:54:07.535977633Z,workload-6924,6000,3221225472,cloud-1,8000,16384,169.5159,cloud,225.5013,582.9039
2025-05-31T14:54:07.536603485Z,workload-6924,6000,3221225472,cloud-2,10000,24576,179.1791,cloud,223.5013,546.4454
2025-05-31T14:54:07.538592719Z,workload-6924,6000,3221225472,cloud-6,24000,61440,179.1791,cloud,214.5013,389.1925
2025-05-31T14:54:07.539086571Z,workload-6924,6000,3221225472,cloud-8,8000,40960,166.3510,cloud,200.5013,590.9039
2025-05-31T14:54:07.54065424Z,workload-6924,6000,3221225472,cloud-4,6000,49152,166.3510,cloud,226.5013,729.9514
2025-05-31T14:54:07.544536326Z,workload-6924,6000,3221225472,cloud-7,32000,65536,191.1303,cloud,221.5013,337.3014
2025-05-31T14:54:07.54577057Z,workload-6924,6000,3221225472,cloud-5,20000,65536,169.5159,cloud,221.5013,438.0268
2025-05-31T14:54:07.548473867Z,workload-6924,6000,3221225472,cloud-3,16000,32768,191.1303,cloud,233.5013,421.2842
2025-05-31T14:54:07.638954051Z,workload-8868,1580,1048576000,cloud-7,32000,65536,191.1303,cloud,333.3014,374.9745
2025-05-31T14:54:07.640162803Z,workload-8868,1580,1048576000,edge-9,3000,2560,169.5159,edge,158.5013,469.7821
2025-05-31T14:54:07.645340455Z,workload-8868,1580,1048576000,edge-5,2000,2048,169.5159,edge,167.5013,550.9039
2025-05-31T14:54:07.646033215Z,workload-8868,1580,1048576000,edge-10,4000,5120,179.1791,edge,184.5013,402.2842
2025-05-31T14:54:07.646798402Z,workload-8868,1580,1048576000,cloud-3,16000,32768,191.1303,cloud,207.5013,293.1623
2025-05-31T14:54:07.644028267Z,workload-8868,1580,1048576000,cloud-5,20000,65536,169.5159,cloud,203.5013,290.1623
2025-05-31T14:54:07.648274578Z,workload-8868,1580,1048576000,cloud-8,8000,40960,166.3510,cloud,220.5013,337.3014
2025-05-31T14:54:07.648604232Z,workload-8868,1580,1048576000,edge-12,4000,8192,166.3510,edge,184.5013,384.2842
2025-05-31T14:54:07.648704734Z,workload-8868,1580,1048576000,edge-7,3000,4096,191.1303,edge,186.5013,463.4236
2025-05-31T14:54:07.654977924Z,workload-8868,1580,1048576000,cloud-1,8000,16384,169.5159,cloud,224.5013,346.3014
2025-05-31T14:54:07.656804147Z,workload-8868,1580,1048576000,edge-6,2000,3072,179.1791,edge,169.5013,531.9039
2025-05-31T14:54:07.65769924Z,workload-8868,1580,1048576000,edge-4,2000,1536,166.3510,edge,170.5013,524.2624
2025-05-31T14:54:07.65918673Z,workload-8868,1580,1048576000,edge-8,3000,1280,166.3510,edge,168.5013,453.7821
2025-05-31T14:54:07.662269407Z,workload-8868,1580,1048576000,cloud-6,24000,61440,179.1791,cloud,206.5013,315.1623
2025-05-31T14:54:07.662623715Z,workload-8868,1580,1048576000,cloud-4,6000,49152,166.3510,cloud,227.5013,408.1925
2025-05-31T14:54:07.662617638Z,workload-8868,1580,1048576000,edge-11,4000,6144,191.1303,edge,169.5013,383.2842
2025-05-31T14:54:07.664953637Z,workload-8868,1580,1048576000,cloud-2,10000,24576,179.1791,cloud,208.5013,364.3014
2025-05-31T14:54:07.75877163Z,workload-7539,4000,7516192768,cloud-1,8000,16384,169.5159,cloud,199.5013,471.3475
2025-05-31T14:54:07.758173296Z,workload-7539,4000,7516192768,cloud-3,16000,32768,191.1303,cloud,219.5013,377.1925
2025-05-31T14:54:07.761189972Z,workload-7539,4000,7516192768,edge-12,4000,8192,166.3510,edge,170.5013,684.9514
2025-05-31T14:54:07.76157089Z,workload-7539,4000,7516192768,cloud-5,20000,65536,169.5159,cloud,220.5013,338.9465
2025-05-31T14:54:07.762100151Z,workload-7539,4000,7516192768,cloud-2,10000,24576,179.1791,cloud,219.5013,432.9872
2025-05-31T14:54:07.762669711Z,workload-7539,4000,7516192768,cloud-8,8000,40960,166.3510,cloud,206.5013,483.3475
2025-05-31T14:54:07.763277264Z,workload-7539,4000,7516192768,cloud-4,6000,49152,166.3510,cloud,227.5013,531.5318
2025-05-31T14:54:07.764003898Z,workload-7539,4000,7516192768,cloud-7,32000,65536,191.1303,cloud,355.3014,446.2842
2025-05-31T14:54:07.7641931Z,workload-7539,4000,7516192768,cloud-6,24000,61440,179.1791,cloud,293.1623,393.9745
2025-05-31T14:54:07.87312395Z,workload-4565,1060,3617587200,cloud-1,8000,16384,169.5159,cloud,202.5013,363.3014
2025-05-31T14:54:07.874100967Z,workload-4565,1060,3617587200,edge-12,4000,8192,166.3510,edge,183.5013,349.1925
2025-05-31T14:54:07.877608491Z,workload-4565,1060,3617587200,cloud-6,24000,61440,179.1791,cloud,284.1623,346.3014
2025-05-31T14:54:07.880851525Z,workload-4565,1060,3617587200,edge-11,4000,6144,191.1303,edge,165.5013,346.1925
2025-05-31T14:54:07.881425695Z,workload-4565,1060,3617587200,cloud-2,10000,24576,179.1791,cloud,198.5013,300.4798
2025-05-31T14:54:07.883420097Z,workload-4565,1060,3617587200,edge-10,4000,5120,179.1791,edge,182.5013,347.1925
2025-05-31T14:54:07.884048114Z,workload-4565,1060,3617587200,cloud-4,6000,49152,166.3510,cloud,212.5013,339.3014
2025-05-31T14:54:07.884688564Z,workload-4565,1060,3617587200,cloud-5,20000,65536,169.5159,cloud,354.9465,384.1925
2025-05-31T14:54:07.885786686Z,workload-4565,1060,3617587200,cloud-3,16000,32768,191.1303,cloud,220.5013,299.1623
2025-05-31T14:54:07.886719074Z,workload-4565,1060,3617587200,cloud-7,32000,65536,191.1303,cloud,361.3014,390.9745
2025-05-31T14:54:07.89039813Z,workload-4565,1060,3617587200,cloud-8,8000,40960,166.3510,cloud,214.5013,345.3014
2025-05-31T14:54:07.893386591Z,workload-4565,1060,3617587200,edge-7,3000,4096,191.1303,edge,163.5013,396.2842
2025-05-31T14:54:07.997238336Z,workload-594,2565,7392460800,cloud-7,32000,65536,191.1303,cloud,336.3014,410.1925
2025-05-31T14:54:07.997471328Z,workload-594,2565,7392460800,cloud-3,16000,32768,191.1303,cloud,291.1623,374.9745
2025-05-31T14:54:08.000297686Z,workload-594,2565,7392460800,cloud-2,10000,24576,179.1791,cloud,208.5013,385.1925
2025-05-31T14:54:08.00486059Z,workload-594,2565,7392460800,cloud-1,8000,16384,169.5159,cloud,214.5013,438.2842
2025-05-31T14:54:08.00645878Z,workload-594,2565,7392460800,cloud-5,20000,65536,169.5159,cloud,344.9465,452.2842
2025-05-31T14:54:08.007447041Z,workload-594,2565,7392460800,cloud-6,24000,61440,179.1791,cloud,284.1623,350.3014
2025-05-31T14:54:08.008868531Z,workload-594,2565,7392460800,cloud-8,8000,40960,166.3510,cloud,204.5013,427.2842
2025-05-31T14:54:08.00996833Z,workload-594,2565,7392460800,edge-12,4000,8192,166.3510,edge,166.5013,506.8903
2025-05-31T14:54:08.013105344Z,workload-594,2565,7392460800,cloud-4,6000,49152,166.3510,cloud,205.5013,479.1292
2025-05-31T14:54:08.102365183Z,workload-6822,1240,5714739200,cloud-4,6000,49152,166.3510,cloud,202.5013,370.9465
2025-05-31T14:54:08.104227654Z,workload-6822,1240,5714739200,cloud-5,20000,65536,169.5159,cloud,337.9465,403.1925
2025-05-31T14:54:08.107265073Z,workload-6822,1240,5714739200,edge-12,4000,8192,166.3510,edge,178.5013,379.2842
2025-05-31T14:54:08.108228192Z,workload-6822,1240,5714739200,cloud-6,24000,61440,179.1791,cloud,359.3014,401.9745
2025-05-31T14:54:08.111676491Z,workload-6822,1240,5714739200,cloud-7,32000,65536,191.1303,cloud,331.3014,364.9745
2025-05-31T14:54:08.112573399Z,workload-6822,1240,5714739200,cloud-1,8000,16384,169.5159,cloud,217.5013,341.3014
2025-05-31T14:54:08.113077866Z,workload-6822,1240,5714739200,cloud-2,10000,24576,179.1791,cloud,233.5013,334.3014
2025-05-31T14:54:08.113277754Z,workload-6822,1240,5714739200,cloud-8,8000,40960,166.3510,cloud,203.5013,347.3014
2025-05-31T14:54:08.113546784Z,workload-6822,1240,5714739200,cloud-3,16000,32768,191.1303,cloud,316.1623,359.3014
2025-05-31T14:54:08.114095112Z,workload-6822,1240,5714739200,edge-11,4000,6144,191.1303,edge,163.5013,384.2842
2025-05-31T14:54:08.217368916Z,workload-5035,642,1048576000,edge-3,1000,1024,191.1303,edge,179.5013,490.5318
2025-05-31T14:54:08.217999448Z,workload-5035,642,1048576000,cloud-4,6000,49152,166.3510,cloud,219.5013,321.4798
2025-05-31T14:54:08.223389838Z,workload-5035,642,1048576000,cloud-1,8000,16384,169.5159,cloud,222.5013,300.1623
2025-05-31T14:54:08.225276195Z,workload-5035,642,1048576000,edge-8,3000,1280,166.3510,edge,171.5013,325.9745
2025-05-31T14:54:08.219690248Z,workload-5035,642,1048576000,edge-11,4000,6144,191.1303,edge,181.5013,296.3014
2025-05-31T14:54:08.228138731Z,workload-5035,642,1048576000,edge-7,3000,4096,191.1303,edge,178.5013,334.9745
2025-05-31T14:54:08.229773448Z,workload-5035,642,1048576000,cloud-8,8000,40960,166.3510,cloud,362.3014,372.9745
2025-05-31T14:54:08.231505734Z,workload-5035,642,1048576000,cloud-2,10000,24576,179.1791,cloud,236.5013,290.1623
2025-05-31T14:54:08.234874203Z,workload-5035,642,1048576000,edge-9,3000,2560,169.5159,edge,163.5013,334.9745
2025-05-31T14:54:08.237162151Z,workload-5035,642,1048576000,edge-5,2000,2048,169.5159,edge,165.5013,394.2842
2025-05-31T14:54:08.23725085Z,workload-5035,642,1048576000,cloud-5,20000,65536,169.5159,cloud,352.9465,394.9745
2025-05-31T14:54:08.238303016Z,workload-5035,642,1048576000,edge-4,2000,1536,166.3510,edge,173.5013,399.2842
2025-05-31T14:54:08.239973912Z,workload-5035,642,1048576000,edge-12,4000,8192,166.3510,edge,174.5013,317.3014
2025-05-31T14:54:08.240339743Z,workload-5035,642,1048576000,cloud-3,16000,32768,191.1303,cloud,284.1623,309.4798
2025-05-31T14:54:08.243125732Z,workload-5035,642,1048576000,cloud-7,32000,65536,191.1303,cloud,344.3014,348.9465
2025-05-31T14:54:08.245949087Z,workload-5035,642,1048576000,edge-10,4000,5120,179.1791,edge,176.5013,295.3014
2025-05-31T14:54:08.246187596Z,workload-5035,642,1048576000,edge-6,2000,3072,179.1791,edge,160.5013,385.2842
2025-05-31T14:54:08.246441471Z,workload-5035,642,1048576000,cloud-6,24000,61440,179.1791,cloud,353.3014,358.3014
2025-05-31T14:54:08.328908916Z,workload-9959,1818,7235174400,cloud-2,10000,24576,179.1791,cloud,301.1623,363.9745
2025-05-31T14:54:08.331007243Z,workload-9959,1818,7235174400,cloud-7,32000,65536,191.1303,cloud,353.3014,393.9745
2025-05-31T14:54:08.331652302Z,workload-9959,1818,7235174400,cloud-6,24000,61440,179.1791,cloud,358.3014,389.9745
2025-05-31T14:54:08.331764538Z,workload-9959,1818,7235174400,cloud-5,20000,65536,169.5159,cloud,350.9465,391.1925
2025-05-31T14:54:08.332568696Z,workload-9959,1818,7235174400,edge-12,4000,8192,166.3510,edge,176.5013,405.1292
2025-05-31T14:54:08.332930686Z,workload-9959,1818,7235174400,cloud-1,8000,16384,169.5159,cloud,208.5013,372.9745
2025-05-31T14:54:08.334062053Z,workload-9959,1818,7235174400,cloud-3,16000,32768,191.1303,cloud,286.1623,336.3014
2025-05-31T14:54:08.336736854Z,workload-9959,1818,7235174400,cloud-4,6000,49152,166.3510,cloud,221.5013,412.0268
2025-05-31T14:54:08.339867233Z,workload-9959,1818,7235174400,cloud-8,8000,40960,166.3510,cloud,368.3014,443.2842
2025-05-31T14:54:08.442978865Z,workload-5316,1933,1625292800,cloud-4,6000,49152,166.3510,cloud,212.5013,444.2842
2025-05-31T14:54:08.450868683Z,workload-5316,1933,1625292800,edge-10,4000,5120,179.1791,edge,179.5013,419.1292
2025-05-31T14:54:08.45264923Z,workload-5316,1933,1625292800,cloud-3,16000,32768,191.1303,cloud,293.1623,337.3014
2025-05-31T14:54:08.447084375Z,workload-5316,1933,1625292800,edge-9,3000,2560,169.5159,edge,176.5013,512.8903
2025-05-31T14:54:08.454948142Z,workload-5316,1933,1625292800,cloud-5,20000,65536,169.5159,cloud,374.9465,412.1925
2025-05-31T14:54:08.455011139Z,workload-5316,1933,1625292800,cloud-2,10000,24576,179.1791,cloud,299.1623,401.1925
2025-05-31T14:54:08.453848343Z,workload-5316,1933,1625292800,edge-11,4000,6144,191.1303,edge,161.5013,409.1292
2025-05-31T14:54:08.453649504Z,workload-5316,1933,1625292800,cloud-6,24000,61440,179.1791,cloud,345.3014,405.1925
2025-05-31T14:54:08.457619242Z,workload-5316,1933,1625292800,cloud-1,8000,16384,169.5159,cloud,217.5013,397.9745
2025-05-31T14:54:08.460988759Z,workload-5316,1933,1625292800,cloud-7,32000,65536,191.1303,cloud,375.9745,415.0268
2025-05-31T14:54:08.460955864Z,workload-5316,1933,1625292800,edge-12,4000,8192,166.3510,edge,175.5013,406.1292
2025-05-31T14:54:08.460522425Z,workload-5316,1933,1625292800,cloud-8,8000,40960,166.3510,cloud,348.3014,453.2842
2025-05-31T14:54:08.465132543Z,workload-5316,1933,1625292800,edge-7,3000,4096,191.1303,edge,161.5013,491.5318
2025-05-31T14:54:08.465054599Z,workload-5316,1933,1625292800,edge-6,2000,3072,179.1791,edge,187.5013,663.8457
2025-05-31T14:54:08.466623455Z,workload-5316,1933,1625292800,edge-5,2000,2048,169.5159,edge,181.5013,646.8457
2025-05-31T14:54:08.557476036Z,workload-7386,6000,12884901888,cloud-1,8000,16384,169.5159,cloud,221.5013,590.2624
2025-05-31T14:54:08.558403535Z,workload-7386,6000,12884901888,cloud-3,16000,32768,191.1303,cloud,341.3014,509.7821
2025-05-31T14:54:08.56125748Z,workload-7386,6000,12884901888,cloud-5,20000,65536,169.5159,cloud,358.9465,467.3475
2025-05-31T14:54:08.562330669Z,workload-7386,6000,12884901888,cloud-4,6000,49152,166.3510,cloud,202.5013,751.9514
2025-05-31T14:54:08.56283793Z,workload-7386,6000,12884901888,cloud-7,32000,65536,191.1303,cloud,375.9745,463.1292
2025-05-31T14:54:08.564632306Z,workload-7386,6000,12884901888,cloud-8,8000,40960,166.3510,cloud,356.3014,688.6261
2025-05-31T14:54:08.565324438Z,workload-7386,6000,12884901888,cloud-6,24000,61440,179.1791,cloud,358.3014,441.1292
2025-05-31T14:54:08.568037512Z,workload-7386,6000,12884901888,cloud-2,10000,24576,179.1791,cloud,317.1623,538.8903
2025-05-31T14:54:08.678448519Z,workload-7468,1675,2778726400,cloud-5,20000,65536,169.5159,cloud,366.9465,395.1925
2025-05-31T14:54:08.689435891Z,workload-7468,1675,2778726400,cloud-6,24000,61440,179.1791,cloud,444.1292,467.1292
2025-05-31T14:54:08.689804167Z,workload-7468,1675,2778726400,cloud-8,8000,40960,166.3510,cloud,337.3014,428.2842
2025-05-31T14:54:08.689920174Z,workload-7468,1675,2778726400,cloud-7,32000,65536,191.1303,cloud,374.9745,400.1925
2025-05-31T14:54:08.690733621Z,workload-7468,1675,2778726400,cloud-1,8000,16384,169.5159,cloud,222.5013,355.9465
2025-05-31T14:54:08.691497202Z,workload-7468,1675,2778726400,cloud-3,16000,32768,191.1303,cloud,347.3014,402.1925
2025-05-31T14:54:08.691779293Z,workload-7468,1675,2778726400,edge-11,4000,6144,191.1303,edge,184.5013,410.1292
2025-05-31T14:54:08.692064596Z,workload-7468,1675,2778726400,edge-12,4000,8192,166.3510,edge,176.5013,404.1292
2025-05-31T14:54:08.69249552Z,workload-7468,1675,2778726400,edge-10,4000,5120,179.1791,edge,160.5013,412.1292
2025-05-31T14:54:08.695947451Z,workload-7468,1675,2778726400,edge-7,3000,4096,191.1303,edge,181.5013,459.4236
2025-05-31T14:54:08.696693361Z,workload-7468,1675,2778726400,cloud-4,6000,49152,166.3510,cloud,212.5013,391.1925
2025-05-31T14:54:08.698483546Z,workload-7468,1675,2778726400,edge-6,2000,3072,179.1791,edge,185.5013,603.3063
2025-05-31T14:54:08.69935161Z,workload-7468,1675,2778726400,cloud-2,10000,24576,179.1791,cloud,286.1623,366.9745
2025-05-31T14:54:08.788022403Z,workload-3330,600,4294967296,cloud-5,20000,65536,169.5159,cloud,360.9465,364.9745
2025-05-31T14:54:08.789950805Z,workload-3330,600,4294967296,cloud-6,24000,61440,179.1791,cloud,472.1292,452.1292
2025-05-31T14:54:08.794039273Z,workload-3330,600,4294967296,cloud-2,10000,24576,179.1791,cloud,278.1623,353.3014
2025-05-31T14:54:08.794966982Z,workload-3330,600,4294967296,cloud-8,8000,40960,166.3510,cloud,342.3014,380.9745
2025-05-31T14:54:08.795103523Z,workload-3330,600,4294967296,cloud-1,8000,16384,169.5159,cloud,337.9465,378.1925
2025-05-31T14:54:08.79839363Z,workload-3330,600,4294967296,edge-10,4000,5120,179.1791,edge,182.5013,291.3014
2025-05-31T14:54:08.79691445Z,workload-3330,600,4294967296,edge-11,4000,6144,191.1303,edge,184.5013,315.3014
2025-05-31T14:54:08.799197788Z,workload-3330,600,4294967296,edge-7,3000,4096,191.1303,edge,160.5013,315.9465
2025-05-31T14:54:08.800616415Z,workload-3330,600,4294967296,cloud-4,6000,49152,166.3510,cloud,214.5013,311.4798
2025-05-31T14:54:08.80075987Z,workload-3330,600,4294967296,edge-12,4000,8192,166.3510,edge,169.5013,290.3014
2025-05-31T14:54:08.802923778Z,workload-3330,600,4294967296,cloud-3,16000,32768,191.1303,cloud,366.3014,368.9745
2025-05-31T14:54:08.803410226Z,workload-3330,600,4294967296,cloud-7,32000,65536,191.1303,cloud,395.9745,410.1925
2025-05-31T14:54:08.8922045Z,workload-194,300,2147483648,edge-11,4000,6144,191.1303,edge,158.5013,252.1623
2025-05-31T14:54:08.894898158Z,workload-194,300,2147483648,edge-7,3000,4096,191.1303,edge,161.5013,274.4798
2025-05-31T14:54:08.901950154Z,workload-194,300,2147483648,cloud-6,24000,61440,179.1791,cloud,463.1292,447.1292
2025-05-31T14:54:08.904240057Z,workload-194,300,2147483648,cloud-4,6000,49152,166.3510,cloud,291.4798,354.3014
2025-05-31T14:54:08.905399361Z,workload-194,300,2147483648,cloud-8,8000,40960,166.3510,cloud,335.3014,343.3014
2025-05-31T14:54:08.904552948Z,workload-194,300,2147483648,edge-6,2000,3072,179.1791,edge,165.5013,299.3014
2025-05-31T14:54:08.905798716Z,workload-194,300,2147483648,cloud-1,8000,16384,169.5159,cloud,353.9465,380.9745
2025-05-31T14:54:08.898418953Z,workload-194,300,2147483648,cloud-7,32000,65536,191.1303,cloud,369.9745,412.1925
2025-05-31T14:54:08.906234249Z,workload-194,300,2147483648,cloud-2,10000,24576,179.1791,cloud,287.1623,286.1623
2025-05-31T14:54:08.908684509Z,workload-194,300,2147483648,edge-10,4000,5120,179.1791,edge,173.5013,266.1623
2025-05-31T14:54:08.914645367Z,workload-194,300,2147483648,cloud-3,16000,32768,191.1303,cloud,333.3014,353.9465
2025-05-31T14:54:08.914886949Z,workload-194,300,2147483648,cloud-5,20000,65536,169.5159,cloud,370.9465,401.9745
2025-05-31T14:54:08.915118265Z,workload-194,300,2147483648,edge-5,2000,2048,169.5159,edge,182.5013,314.3014
2025-05-31T14:54:08.916081314Z,workload-194,300,2147483648,edge-9,3000,2560,169.5159,edge,165.5013,270.4798
2025-05-31T14:54:08.916635997Z,workload-194,300,2147483648,edge-12,4000,8192,166.3510,edge,167.5013,264.1623
2025-05-31T14:54:09.007843165Z,workload-4500,800,2147483648,edge-10,4000,5120,179.1791,edge,184.5013,314.9465
2025-05-31T14:54:09.008359715Z,workload-4500,800,2147483648,cloud-4,6000,49152,166.3510,cloud,298.4798,385.9745
2025-05-31T14:54:09.010987373Z,workload-4500,800,2147483648,cloud-8,8000,40960,166.3510,cloud,333.3014,404.1925
2025-05-31T14:54:09.015050349Z,workload-4500,800,2147483648,cloud-7,32000,65536,191.1303,cloud,374.9745,389.1925
2025-05-31T14:54:09.02292592Z,workload-4500,800,2147483648,edge-9,3000,2560,169.5159,edge,180.5013,355.1925
2025-05-31T14:54:09.023790771Z,workload-4500,800,2147483648,edge-6,2000,3072,179.1791,edge,160.5013,385.9872
2025-05-31T14:54:09.023862289Z,workload-4500,800,2147483648,edge-12,4000,8192,166.3510,edge,167.5013,297.9465
2025-05-31T14:54:09.024390292Z,workload-4500,800,2147483648,cloud-1,8000,16384,169.5159,cloud,345.9465,410.0268
2025-05-31T14:54:09.024499036Z,workload-4500,800,2147483648,edge-7,3000,4096,191.1303,edge,185.5013,345.1925
2025-05-31T14:54:09.027240047Z,workload-4500,800,2147483648,edge-11,4000,6144,191.1303,edge,172.5013,306.9465
2025-05-31T14:54:09.027491059Z,workload-4500,800,2147483648,cloud-5,20000,65536,169.5159,cloud,336.9465,369.9745
2025-05-31T14:54:09.027880217Z,workload-4500,800,2147483648,cloud-3,16000,32768,191.1303,cloud,347.3014,385.9745
2025-05-31T14:54:09.02867348Z,workload-4500,800,2147483648,cloud-2,10000,24576,179.1791,cloud,316.1623,362.3014
2025-05-31T14:54:09.02906662Z,workload-4500,800,2147483648,edge-5,2000,2048,169.5159,edge,159.5013,385.9872
2025-05-31T14:54:09.030660549Z,workload-4500,800,2147483648,cloud-6,24000,61440,179.1791,cloud,479.1292,458.1292
2025-05-31T14:54:09.107070964Z,workload-9202,600,2147483648,edge-10,4000,5120,179.1791,edge,168.5013,303.3014
2025-05-31T14:54:09.112155307Z,workload-9202,600,2147483648,cloud-2,10000,24576,179.1791,cloud,367.3014,370.9745
2025-05-31T14:54:09.11511639Z,workload-9202,600,2147483648,edge-5,2000,2048,169.5159,edge,165.5013,366.0268
2025-05-31T14:54:09.115710324Z,workload-9202,600,2147483648,cloud-7,32000,65536,191.1303,cloud,401.9745,394.1925
2025-05-31T14:54:09.116189509Z,workload-9202,600,2147483648,cloud-5,20000,65536,169.5159,cloud,361.9465,394.9745
2025-05-31T14:54:09.117770797Z,workload-9202,600,2147483648,cloud-6,24000,61440,179.1791,cloud,452.1292,460.1292
2025-05-31T14:54:09.118556727Z,workload-9202,600,2147483648,cloud-8,8000,40960,166.3510,cloud,349.3014,372.9745
2025-05-31T14:54:09.108663776Z,workload-9202,600,2147483648,edge-11,4000,6144,191.1303,edge,180.5013,314.3014
2025-05-31T14:54:09.12072308Z,workload-9202,600,2147483648,cloud-4,6000,49152,166.3510,cloud,324.4798,362.9465
2025-05-31T14:54:09.119531718Z,workload-9202,600,2147483648,edge-7,3000,4096,191.1303,edge,181.5013,320.9465
2025-05-31T14:54:09.126832002Z,workload-9202,600,2147483648,edge-12,4000,8192,166.3510,edge,159.5013,299.3014
2025-05-31T14:54:09.126922377Z,workload-9202,600,2147483648,cloud-1,8000,16384,169.5159,cloud,344.9465,375.1925
2025-05-31T14:54:09.127379212Z,workload-9202,600,2147483648,cloud-3,16000,32768,191.1303,cloud,352.3014,369.9745
2025-05-31T14:54:09.12781279Z,workload-9202,600,2147483648,edge-6,2000,3072,179.1791,edge,167.5013,387.0268
2025-05-31T14:54:09.129700544Z,workload-9202,600,2147483648,edge-9,3000,2560,169.5159,edge,165.5013,310.9465
2025-05-31T14:54:09.22033892Z,workload-6235,800,3221225472,cloud-2,10000,24576,179.1791,cloud,351.3014,412.1925
2025-05-31T14:54:09.222507228Z,workload-6235,800,3221225472,edge-10,4000,5120,179.1791,edge,180.5013,309.9465
2025-05-31T14:54:09.222529578Z,workload-6235,800,3221225472,cloud-5,20000,65536,169.5159,cloud,368.9465,377.9745
2025-05-31T14:54:09.22294367Z,workload-6235,800,3221225472,cloud-7,32000,65536,191.1303,cloud,380.9745,409.1925
2025-05-31T14:54:09.223449743Z,workload-6235,800,3221225472,edge-11,4000,6144,191.1303,edge,170.5013,324.9465
2025-05-31T14:54:09.224293502Z,workload-6235,800,3221225472,cloud-6,24000,61440,179.1791,cloud,470.1292,446.1292
2025-05-31T14:54:09.230509841Z,workload-6235,800,3221225472,cloud-8,8000,40960,166.3510,cloud,364.3014,410.1925
2025-05-31T14:54:09.231065781Z,workload-6235,800,3221225472,cloud-1,8000,16384,169.5159,cloud,345.9465,401.0268
2025-05-31T14:54:09.23243475Z,workload-6235,800,3221225472,edge-7,3000,4096,191.1303,edge,158.5013,344.1925
2025-05-31T14:54:09.232568847Z,workload-6235,800,3221225472,cloud-3,16000,32768,191.1303,cloud,349.3014,397.9745
2025-05-31T14:54:09.234575751Z,workload-6235,800,3221225472,cloud-4,6000,49152,166.3510,cloud,368.9465,438.2842
2025-05-31T14:54:09.234804343Z,workload-6235,800,3221225472,edge-12,4000,8192,166.3510,edge,176.5013,299.9465
2025-05-31T14:54:09.236471117Z,workload-6235,800,3221225472,edge-6,2000,3072,179.1791,edge,179.5013,396.9872
2025-05-31T14:54:09.324074169Z,workload-9982,643,5347737600,cloud-5,20000,65536,169.5159,cloud,367.9745,383.1925
2025-05-31T14:54:09.325529462Z,workload-9982,643,5347737600,edge-11,4000,6144,191.1303,edge,185.5013,293.3014
2025-05-31T14:54:09.326224249Z,workload-9982,643,5347737600,edge-10,4000,5120,179.1791,edge,182.5013,293.3014
2025-05-31T14:54:09.328895069Z,workload-9982,643,5347737600,cloud-6,24000,61440,179.1791,cloud,446.1292,454.1292
2025-05-31T14:54:09.326840742Z,workload-9982,643,5347737600,cloud-1,8000,16384,169.5159,cloud,374.9465,396.1925
2025-05-31T14:54:09.334053933Z,workload-9982,643,5347737600,cloud-3,16000,32768,191.1303,cloud,361.3014,365.9745
2025-05-31T14:54:09.333508678Z,workload-9982,643,5347737600,cloud-2,10000,24576,179.1791,cloud,339.3014,363.9745
2025-05-31T14:54:09.334368849Z,workload-9982,643,5347737600,edge-12,4000,8192,166.3510,edge,185.5013,289.3014
2025-05-31T14:54:09.335049807Z,workload-9982,643,5347737600,cloud-4,6000,49152,166.3510,cloud,338.9465,415.0268
2025-05-31T14:54:09.337457603Z,workload-9982,643,5347737600,cloud-8,8000,40960,166.3510,cloud,335.3014,397.9745
2025-05-31T14:54:09.337624315Z,workload-9982,643,5347737600,cloud-7,32000,65536,191.1303,cloud,401.9745,400.1925
2025-05-31T14:54:09.437050325Z,workload-8740,1523,1310720000,cloud-3,16000,32768,191.1303,cloud,349.3014,398.1925
2025-05-31T14:54:09.437620723Z,workload-8740,1523,1310720000,edge-4,2000,1536,166.3510,edge,165.5013,524.9039
2025-05-31T14:54:09.4383769Z,workload-8740,1523,1310720000,cloud-1,8000,16384,169.5159,cloud,370.9465,439.2842
2025-05-31T14:54:09.433019476Z,workload-8740,1523,1310720000,edge-8,3000,1280,166.3510,edge,161.5013,445.9891
2025-05-31T14:54:09.447994954Z,workload-8740,1523,1310720000,edge-7,3000,4096,191.1303,edge,187.5013,427.3475
2025-05-31T14:54:09.450230939Z,workload-8740,1523,1310720000,cloud-2,10000,24576,179.1791,cloud,354.3014,442.2842
2025-05-31T14:54:09.45059244Z,workload-8740,1523,1310720000,cloud-5,20000,65536,169.5159,cloud,391.9745,447.2842
2025-05-31T14:54:09.450532097Z,workload-8740,1523,1310720000,edge-12,4000,8192,166.3510,edge,164.5013,392.2842
2025-05-31T14:54:09.450765019Z,workload-8740,1523,1310720000,edge-9,3000,2560,169.5159,edge,185.5013,432.9891
2025-05-31T14:54:09.45242439Z,workload-8740,1523,1310720000,cloud-7,32000,65536,191.1303,cloud,374.9745,396.1925
2025-05-31T14:54:09.45812369Z,workload-8740,1523,1310720000,cloud-4,6000,49152,166.3510,cloud,347.9465,478.1292
2025-05-31T14:54:09.460391872Z,workload-8740,1523,1310720000,edge-5,2000,2048,169.5159,edge,163.5013,524.9039
2025-05-31T14:54:09.460860022Z,workload-8740,1523,1310720000,edge-10,4000,5120,179.1791,edge,169.5013,374.2842
2025-05-31T14:54:09.461908417Z,workload-8740,1523,1310720000,cloud-8,8000,40960,166.3510,cloud,384.9745,453.1292
2025-05-31T14:54:09.462139942Z,workload-8740,1523,1310720000,cloud-6,24000,61440,179.1791,cloud,474.1292,459.1292
2025-05-31T14:54:09.462344439Z,workload-8740,1523,1310720000,edge-6,2000,3072,179.1791,edge,185.5013,537.2624
2025-05-31T14:54:09.463982369Z,workload-8740,1523,1310720000,edge-11,4000,6144,191.1303,edge,170.5013,390.2842
2025-05-31T14:54:09.562928985Z,workload-2638,5000,7516192768,cloud-2,10000,24576,179.1791,cloud,361.3014,568.5318
2025-05-31T14:54:09.562875556Z,workload-2638,5000,7516192768,cloud-1,8000,16384,169.5159,cloud,374.9465,653.3063
2025-05-31T14:54:09.563197108Z,workload-2638,5000,7516192768,cloud-7,32000,65536,191.1303,cloud,379.9745,447.9872
2025-05-31T14:54:09.568186117Z,workload-2638,5000,7516192768,cloud-6,24000,61440,179.1791,cloud,467.1292,549.5318
2025-05-31T14:54:09.56810084Z,workload-2638,5000,7516192768,cloud-5,20000,65536,169.5159,cloud,371.9745,460.1292
2025-05-31T14:54:09.568479103Z,workload-2638,5000,7516192768,cloud-8,8000,40960,166.3510,cloud,392.9745,663.0858
2025-05-31T14:54:09.57166326Z,workload-2638,5000,7516192768,cloud-3,16000,32768,191.1303,cloud,391.1925,509.7821
2025-05-31T14:54:09.666399674Z,workload-8425,1506,1258291200,cloud-1,8000,16384,169.5159,cloud,340.9465,422.2842
2025-05-31T14:54:09.66826417Z,workload-8425,1506,1258291200,cloud-7,32000,65536,191.1303,cloud,439.9872,455.1292
2025-05-31T14:54:09.672364652Z,workload-8425,1506,1258291200,edge-11,4000,6144,191.1303,edge,163.5013,376.2842
2025-05-31T14:54:09.673575639Z,workload-8425,1506,1258291200,cloud-8,8000,40960,166.3510,cloud,392.9745,457.1292
2025-05-31T14:54:09.68103118Z,workload-8425,1506,1258291200,edge-5,2000,2048,169.5159,edge,182.5013,536.9039
2025-05-31T14:54:09.683720927Z,workload-8425,1506,1258291200,cloud-3,16000,32768,191.1303,cloud,385.1925,415.2842
2025-05-31T14:54:09.688195202Z,workload-8425,1506,1258291200,edge-7,3000,4096,191.1303,edge,161.5013,447.3475
2025-05-31T14:54:09.688627733Z,workload-8425,1506,1258291200,edge-12,4000,8192,166.3510,edge,162.5013,394.2842
2025-05-31T14:54:09.689221388Z,workload-8425,1506,1258291200,edge-9,3000,2560,169.5159,edge,175.5013,431.3475
2025-05-31T14:54:09.689403256Z,workload-8425,1506,1258291200,edge-10,4000,5120,179.1791,edge,180.5013,386.2842
2025-05-31T14:54:09.682219748Z,workload-8425,1506,1258291200,cloud-2,10000,24576,179.1791,cloud,346.3014,432.2842
2025-05-31T14:54:09.691238Z,workload-8425,1506,1258291200,cloud-4,6000,49152,166.3510,cloud,361.9465,454.1292
2025-05-31T14:54:09.692735478Z,workload-8425,1506,1258291200,edge-8,3000,1280,166.3510,edge,159.5013,424.9891
2025-05-31T14:54:09.695033343Z,workload-8425,1506,1258291200,edge-6,2000,3072,179.1791,edge,158.5013,525.2624
2025-05-31T14:54:09.697122241Z,workload-8425,1506,1258291200,edge-4,2000,1536,166.3510,edge,184.5013,545.2624
2025-05-31T14:54:09.698506016Z,workload-8425,1506,1258291200,cloud-6,24000,61440,179.1791,cloud,455.1292,457.1292
2025-05-31T14:54:09.699462779Z,workload-8425,1506,1258291200,cloud-5,20000,65536,169.5159,cloud,369.9745,450.2842
2025-05-31T14:54:09.798602089Z,workload-8072,1200,7602176000,cloud-5,20000,65536,169.5159,cloud,433.2842,434.2842
2025-05-31T14:54:09.800119611Z,workload-8072,1200,7602176000,cloud-6,24000,61440,179.1791,cloud,459.1292,448.1292
2025-05-31T14:54:09.799562134Z,workload-8072,1200,7602176000,cloud-1,8000,16384,169.5159,cloud,354.9465,416.2842
2025-05-31T14:54:09.800429779Z,workload-8072,1200,7602176000,cloud-4,6000,49152,166.3510,cloud,347.9465,457.9872
2025-05-31T14:54:09.800697762Z,workload-8072,1200,7602176000,cloud-7,32000,65536,191.1303,cloud,447.9872,480.1292
2025-05-31T14:54:09.800599913Z,workload-8072,1200,7602176000,cloud-2,10000,24576,179.1791,cloud,366.3014,393.1925
2025-05-31T14:54:09.804474247Z,workload-8072,1200,7602176000,cloud-8,8000,40960,166.3510,cloud,362.9745,452.2842
2025-05-31T14:54:09.806244527Z,workload-8072,1200,7602176000,cloud-3,16000,32768,191.1303,cloud,384.1925,439.2842
2025-05-31T14:54:09.80799581Z,workload-8072,1200,7602176000,edge-12,4000,8192,166.3510,edge,179.5013,372.0268
2025-05-31T14:54:09.91293576Z,workload-499,7000,10737418240,cloud-5,20000,65536,169.5159,cloud,443.2842,565.2624
2025-05-31T14:54:09.912939951Z,workload-499,7000,10737418240,cloud-6,24000,61440,179.1791,cloud,450.1292,567.9039
2025-05-31T14:54:09.91452522Z,workload-499,7000,10737418240,cloud-3,16000,32768,191.1303,cloud,378.1925,598.9039
2025-05-31T14:54:09.916535965Z,workload-499,7000,10737418240,cloud-7,32000,65536,191.1303,cloud,439.9872,559.8903
2025-05-31T14:54:09.917520525Z,workload-499,7000,10737418240,cloud-2,10000,24576,179.1791,cloud,367.3014,673.0858
2025-05-31T14:54:10.019630625Z,workload-8732,1100,7516192768,cloud-7,32000,65536,191.1303,cloud,565.5318,531.5318
2025-05-31T14:54:10.022041005Z,workload-8732,1100,7516192768,edge-12,4000,8192,166.3510,edge,181.5013,362.1925
2025-05-31T14:54:10.026412613Z,workload-8732,1100,7516192768,cloud-5,20000,65536,169.5159,cloud,452.2842,443.1292
2025-05-31T14:54:10.030218921Z,workload-8732,1100,7516192768,cloud-2,10000,24576,179.1791,cloud,367.3014,382.1925
2025-05-31T14:54:10.030337861Z,workload-8732,1100,7516192768,cloud-1,8000,16384,169.5159,cloud,344.9465,426.2842
2025-05-31T14:54:10.029582522Z,workload-8732,1100,7516192768,cloud-3,16000,32768,191.1303,cloud,390.1925,438.2842
2025-05-31T14:54:10.030999542Z,workload-8732,1100,7516192768,cloud-8,8000,40960,166.3510,cloud,389.9745,441.2842
2025-05-31T14:54:10.030877878Z,workload-8732,1100,7516192768,cloud-6,24000,61440,179.1791,cloud,446.1292,448.1292
2025-05-31T14:54:10.034584801Z,workload-8732,1100,7516192768,cloud-4,6000,49152,166.3510,cloud,364.9465,424.2842
2025-05-31T14:54:10.123687426Z,workload-7267,515,1887436800,edge-7,3000,4096,191.1303,edge,171.5013,310.3014
2025-05-31T14:54:10.125454004Z,workload-7267,515,1887436800,edge-5,2000,2048,169.5159,edge,172.5013,357.1925
2025-05-31T14:54:10.129681388Z,workload-7267,515,1887436800,edge-11,4000,6144,191.1303,edge,187.5013,301.3014
2025-05-31T14:54:10.131485821Z,workload-7267,515,1887436800,edge-6,2000,3072,179.1791,edge,178.5013,350.1925
2025-05-31T14:54:10.127806835Z,workload-7267,515,1887436800,cloud-3,16000,32768,191.1303,cloud,373.1925,422.2842
2025-05-31T14:54:10.134078767Z,workload-7267,515,1887436800,cloud-7,32000,65536,191.1303,cloud,555.8903,534.8903
2025-05-31T14:54:10.134402484Z,workload-7267,515,1887436800,edge-9,3000,2560,169.5159,edge,181.5013,293.3014
2025-05-31T14:54:10.136443191Z,workload-7267,515,1887436800,cloud-8,8000,40960,166.3510,cloud,401.9745,385.1925
2025-05-31T14:54:10.136608437Z,workload-7267,515,1887436800,cloud-5,20000,65536,169.5159,cloud,452.2842,431.9872
2025-05-31T14:54:10.137890174Z,workload-7267,515,1887436800,cloud-2,10000,24576,179.1791,cloud,353.3014,394.9745
2025-05-31T14:54:10.139457354Z,workload-7267,515,1887436800,cloud-4,6000,49152,166.3510,cloud,423.2842,449.1292
2025-05-31T14:54:10.139737838Z,workload-7267,515,1887436800,cloud-1,8000,16384,169.5159,cloud,336.9465,394.1925
2025-05-31T14:54:10.138045432Z,workload-7267,515,1887436800,edge-12,4000,8192,166.3510,edge,164.5013,308.3014
2025-05-31T14:54:10.141950985Z,workload-7267,515,1887436800,edge-10,4000,5120,179.1791,edge,171.5013,317.3014
2025-05-31T14:54:10.144869604Z,workload-7267,515,1887436800,cloud-6,24000,61440,179.1791,cloud,448.1292,449.1292
2025-05-31T14:54:10.235414602Z,workload-6828,1200,7516192768,cloud-8,8000,40960,166.3510,cloud,384.9745,440.2842
2025-05-31T14:54:10.241089317Z,workload-6828,1200,7516192768,cloud-6,24000,61440,179.1791,cloud,475.1292,454.1292
2025-05-31T14:54:10.241516819Z,workload-6828,1200,7516192768,cloud-5,20000,65536,169.5159,cloud,428.2842,475.1292
2025-05-31T14:54:10.242366235Z,workload-6828,1200,7516192768,cloud-1,8000,16384,169.5159,cloud,356.9465,436.2842
2025-05-31T14:54:10.243177098Z,workload-6828,1200,7516192768,cloud-3,16000,32768,191.1303,cloud,394.1925,420.2842
2025-05-31T14:54:10.245568551Z,workload-6828,1200,7516192768,cloud-7,32000,65536,191.1303,cloud,542.5318,546.5318
2025-05-31T14:54:10.245529509Z,workload-6828,1200,7516192768,cloud-2,10000,24576,179.1791,cloud,354.3014,388.1925
2025-05-31T14:54:10.247958048Z,workload-6828,1200,7516192768,cloud-4,6000,49152,166.3510,cloud,428.2842,507.7821
2025-05-31T14:54:10.365693434Z,workload-5024,700,7516192768,cloud-4,6000,49152,166.3510,cloud,452.2842,490.3475
2025-05-31T14:54:10.369413278Z,workload-5024,700,7516192768,cloud-6,24000,61440,179.1791,cloud,444.1292,480.1292
2025-05-31T14:54:10.369477672Z,workload-5024,700,7516192768,cloud-7,32000,65536,191.1303,cloud,568.8903,553.8903
2025-05-31T14:54:10.370505115Z,workload-5024,700,7516192768,cloud-3,16000,32768,191.1303,cloud,444.2842,424.9872
2025-05-31T14:54:10.371104218Z,workload-5024,700,7516192768,cloud-8,8000,40960,166.3510,cloud,383.9745,441.2842
2025-05-31T14:54:10.37272762Z,workload-5024,700,7516192768,cloud-2,10000,24576,179.1791,cloud,358.3014,399.9745
2025-05-31T14:54:10.372810383Z,workload-5024,700,7516192768,cloud-1,8000,16384,169.5159,cloud,362.9465,382.1925
2025-05-31T14:54:10.373744168Z,workload-5024,700,7516192768,cloud-5,20000,65536,169.5159,cloud,445.2842,479.1292
2025-05-31T14:54:10.483336978Z,workload-7775,732,4194304000,cloud-3,16000,32768,191.1303,cloud,417.2842,441.9872
2025-05-31T14:54:10.493303891Z,workload-7775,732,4194304000,cloud-1,8000,16384,169.5159,cloud,351.9465,413.0268
2025-05-31T14:54:10.493641087Z,workload-7775,732,4194304000,cloud-4,6000,49152,166.3510,cloud,441.2842,464.3475
2025-05-31T14:54:10.495425475Z,workload-7775,732,4194304000,cloud-6,24000,61440,179.1791,cloud,443.1292,449.1292
2025-05-31T14:54:10.497416385Z,workload-7775,732,4194304000,cloud-8,8000,40960,166.3510,cloud,399.9745,433.2842
2025-05-31T14:54:10.497863652Z,workload-7775,732,4194304000,cloud-5,20000,65536,169.5159,cloud,447.1292,446.1292
2025-05-31T14:54:10.497518494Z,workload-7775,732,4194304000,cloud-2,10000,24576,179.1791,cloud,337.3014,382.9745
2025-05-31T14:54:10.505311721Z,workload-7775,732,4194304000,edge-12,4000,8192,166.3510,edge,297.3014,388.2842
2025-05-31T14:54:10.505384287Z,workload-7775,732,4194304000,cloud-7,32000,65536,191.1303,cloud,540.5318,556.5318
2025-05-31T14:54:10.504794612Z,workload-7775,732,4194304000,edge-11,4000,6144,191.1303,edge,160.5013,318.3014
2025-05-31T14:54:10.505760315Z,workload-7775,732,4194304000,edge-10,4000,5120,179.1791,edge,179.5013,318.3014
2025-05-31T14:54:10.508259324Z,workload-7775,732,4194304000,edge-7,3000,4096,191.1303,edge,165.5013,325.9745
2025-05-31T14:54:10.596402113Z,workload-4691,9000,12884901888,cloud-6,24000,61440,179.1791,cloud,479.1292,575.9039
2025-05-31T14:54:10.597752923Z,workload-4691,9000,12884901888,cloud-7,32000,65536,191.1303,cloud,530.8903,677.6261
2025-05-31T14:54:10.60128587Z,workload-4691,9000,12884901888,cloud-5,20000,65536,169.5159,cloud,446.1292,657.7273
2025-05-31T14:54:10.601350055Z,workload-4691,9000,12884901888,cloud-3,16000,32768,191.1303,cloud,448.2842,681.6219
2025-05-31T14:54:10.720667567Z,workload-1121,700,4294967296,edge-10,4000,5120,179.1791,edge,169.5013,298.3014
2025-05-31T14:54:10.721895945Z,workload-1121,700,4294967296,cloud-8,8000,40960,166.3510,cloud,423.2842,475.1292
2025-05-31T14:54:10.723170138Z,workload-1121,700,4294967296,cloud-7,32000,65536,191.1303,cloud,532.5318,540.5318
2025-05-31T14:54:10.723358222Z,workload-1121,700,4294967296,cloud-1,8000,16384,169.5159,cloud,354.9465,390.1925
2025-05-31T14:54:10.724296337Z,workload-1121,700,4294967296,edge-12,4000,8192,166.3510,edge,312.3014,383.0268
2025-05-31T14:54:10.726354435Z,workload-1121,700,4294967296,cloud-5,20000,65536,169.5159,cloud,455.1292,443.1292
2025-05-31T14:54:10.730046272Z,workload-1121,700,4294967296,cloud-6,24000,61440,179.1791,cloud,567.9039,651.3063
2025-05-31T14:54:10.729279829Z,workload-1121,700,4294967296,cloud-4,6000,49152,166.3510,cloud,443.2842,490.3475
2025-05-31T14:54:10.730915733Z,workload-1121,700,4294967296,cloud-3,16000,32768,191.1303,cloud,448.2842,422.9872
2025-05-31T14:54:10.731202434Z,workload-1121,700,4294967296,cloud-2,10000,24576,179.1791,cloud,336.3014,394.9745
2025-05-31T14:54:10.730754957Z,workload-1121,700,4294967296,edge-7,3000,4096,191.1303,edge,174.5013,342.9745
2025-05-31T14:54:10.730988089Z,workload-1121,700,4294967296,edge-11,4000,6144,191.1303,edge,169.5013,316.3014
2025-05-31T14:54:10.842373319Z,workload-651,1296,4141875200,edge-11,4000,6144,191.1303,edge,168.5013,392.2842
2025-05-31T14:54:10.843909979Z,workload-651,1296,4141875200,cloud-2,10000,24576,179.1791,cloud,381.9745,434.2842
2025-05-31T14:54:10.844371423Z,workload-651,1296,4141875200,cloud-3,16000,32768,191.1303,cloud,445.2842,469.1292
2025-05-31T14:54:10.847412265Z,workload-651,1296,4141875200,cloud-8,8000,40960,166.3510,cloud,421.2842,459.1292
2025-05-31T14:54:10.847345287Z,workload-651,1296,4141875200,cloud-6,24000,61440,179.1791,cloud,597.2624,659.0858
2025-05-31T14:54:10.848319161Z,workload-651,1296,4141875200,edge-7,3000,4096,191.1303,edge,173.5013,425.1292
2025-05-31T14:54:10.848876708Z,workload-651,1296,4141875200,edge-10,4000,5120,179.1791,edge,173.5013,374.2842
2025-05-31T14:54:10.848345421Z,workload-651,1296,4141875200,cloud-4,6000,49152,166.3510,cloud,453.2842,504.4236
2025-05-31T14:54:10.848934327Z,workload-651,1296,4141875200,cloud-5,20000,65536,169.5159,cloud,449.1292,442.1292
2025-05-31T14:54:10.850366364Z,workload-651,1296,4141875200,edge-12,4000,8192,166.3510,edge,307.3014,424.1292
2025-05-31T14:54:10.851386124Z,workload-651,1296,4141875200,cloud-1,8000,16384,169.5159,cloud,352.9465,425.2842
2025-05-31T14:54:10.851502061Z,workload-651,1296,4141875200,cloud-7,32000,65536,191.1303,cloud,536.8903,553.8903
2025-05-31T14:54:10.947467829Z,workload-4796,400,4294967296,cloud-5,20000,65536,169.5159,cloud,480.1292,459.1292
2025-05-31T14:54:10.948291194Z,workload-4796,400,4294967296,cloud-1,8000,16384,169.5159,cloud,445.2842,464.1292
2025-05-31T14:54:10.949905448Z,workload-4796,400,4294967296,cloud-6,24000,61440,179.1791,cloud,569.2624,671.6647
2025-05-31T14:54:10.952004473Z,workload-4796,400,4294967296,edge-11,4000,6144,191.1303,edge,175.5013,271.4798
2025-05-31T14:54:10.955059982Z,workload-4796,400,4294967296,edge-12,4000,8192,166.3510,edge,296.3014,339.9745
2025-05-31T14:54:10.95427056Z,workload-4796,400,4294967296,cloud-4,6000,49152,166.3510,cloud,438.2842,471.1292
2025-05-31T14:54:10.957651252Z,workload-4796,400,4294967296,cloud-8,8000,40960,166.3510,cloud,448.2842,431.2842
2025-05-31T14:54:10.958517989Z,workload-4796,400,4294967296,cloud-7,32000,65536,191.1303,cloud,537.8903,549.8903
2025-05-31T14:54:10.958913712Z,workload-4796,400,4294967296,cloud-3,16000,32768,191.1303,cloud,426.2842,419.2842
2025-05-31T14:54:10.963065877Z,workload-4796,400,4294967296,cloud-2,10000,24576,179.1791,cloud,396.9745,412.1925
2025-05-31T14:54:10.963846987Z,workload-4796,400,4294967296,edge-7,3000,4096,191.1303,edge,181.5013,295.3014
2025-05-31T14:54:10.964924018Z,workload-4796,400,4294967296,edge-10,4000,5120,179.1791,edge,178.5013,268.4798
2025-05-31T14:54:11.059034579Z,workload-8712,1111,3879731200,cloud-1,8000,16384,169.5159,cloud,425.2842,515.7821
2025-05-31T14:54:11.060841525Z,workload-8712,1111,3879731200,cloud-3,16000,32768,191.1303,cloud,436.2842,479.1292
2025-05-31T14:54:11.061987699Z,workload-8712,1111,3879731200,cloud-8,8000,40960,166.3510,cloud,430.2842,519.4236
2025-05-31T14:54:11.06220358Z,workload-8712,1111,3879731200,edge-10,4000,5120,179.1791,edge,183.5013,336.1925
2025-05-31T14:54:11.063018494Z,workload-8712,1111,3879731200,cloud-4,6000,49152,166.3510,cloud,451.2842,498.7821
2025-05-31T14:54:11.064285564Z,workload-8712,1111,3879731200,cloud-6,24000,61440,179.1791,cloud,563.9039,655.3063
2025-05-31T14:54:11.063022824Z,workload-8712,1111,3879731200,edge-7,3000,4096,191.1303,edge,162.5013,378.2842
2025-05-31T14:54:11.066342684Z,workload-8712,1111,3879731200,edge-11,4000,6144,191.1303,edge,178.5013,350.1925
2025-05-31T14:54:11.067879134Z,workload-8712,1111,3879731200,cloud-7,32000,65536,191.1303,cloud,529.5318,545.5318
2025-05-31T14:54:11.072011114Z,workload-8712,1111,3879731200,edge-12,4000,8192,166.3510,edge,292.3014,386.9872
2025-05-31T14:54:11.072800396Z,workload-8712,1111,3879731200,cloud-5,20000,65536,169.5159,cloud,468.1292,470.1292
2025-05-31T14:54:11.074327766Z,workload-8712,1111,3879731200,cloud-2,10000,24576,179.1791,cloud,371.9745,433.2842
2025-05-31T14:54:11.162763402Z,workload-5788,300,4294967296,cloud-2,10000,24576,179.1791,cloud,381.9745,377.1925
2025-05-31T14:54:11.175874872Z,workload-5788,300,4294967296,cloud-4,6000,49152,166.3510,cloud,439.2842,466.1292
2025-05-31T14:54:11.177101713Z,workload-5788,300,4294967296,cloud-5,20000,65536,169.5159,cloud,453.1292,444.1292
2025-05-31T14:54:11.179067759Z,workload-5788,300,4294967296,cloud-3,16000,32768,191.1303,cloud,430.2842,424.2842
2025-05-31T14:54:11.183524783Z,workload-5788,300,4294967296,cloud-6,24000,61440,179.1791,cloud,601.9039,651.3063
2025-05-31T14:54:11.185081417Z,workload-5788,300,4294967296,cloud-7,32000,65536,191.1303,cloud,556.5318,561.5318
2025-05-31T14:54:11.186318106Z,workload-5788,300,4294967296,edge-7,3000,4096,191.1303,edge,166.5013,247.4798
2025-05-31T14:54:11.189134057Z,workload-5788,300,4294967296,edge-11,4000,6144,191.1303,edge,181.5013,254.1623
2025-05-31T14:54:11.19055869Z,workload-5788,300,4294967296,edge-12,4000,8192,166.3510,edge,307.3014,312.9465
2025-05-31T14:54:11.191431573Z,workload-5788,300,4294967296,cloud-8,8000,40960,166.3510,cloud,426.2842,471.1292
2025-05-31T14:54:11.19222756Z,workload-5788,300,4294967296,cloud-1,8000,16384,169.5159,cloud,443.2842,423.9872
2025-05-31T14:54:11.193487855Z,workload-5788,300,4294967296,edge-10,4000,5120,179.1791,edge,178.5013,260.1623
2025-05-31T14:54:11.300129221Z,workload-7700,900,5368709120,cloud-5,20000,65536,169.5159,cloud,469.1292,498.4236
2025-05-31T14:54:11.303265816Z,workload-7700,900,5368709120,cloud-8,8000,40960,166.3510,cloud,448.2842,445.1292
2025-05-31T14:54:11.303775382Z,workload-7700,900,5368709120,edge-11,4000,6144,191.1303,edge,169.5013,338.9745
2025-05-31T14:54:11.303767769Z,workload-7700,900,5368709120,cloud-1,8000,16384,169.5159,cloud,448.2842,477.1292
2025-05-31T14:54:11.31165619Z,workload-7700,900,5368709120,cloud-7,32000,65536,191.1303,cloud,544.5318,559.5318
2025-05-31T14:54:11.312937857Z,workload-7700,900,5368709120,edge-10,4000,5120,179.1791,edge,171.5013,334.9745
2025-05-31T14:54:11.314946647Z,workload-7700,900,5368709120,cloud-4,6000,49152,166.3510,cloud,455.1292,498.7821
2025-05-31T14:54:11.315018374Z,workload-7700,900,5368709120,cloud-2,10000,24576,179.1791,cloud,384.9745,450.2842
2025-05-31T14:54:11.316508868Z,workload-7700,900,5368709120,edge-12,4000,8192,166.3510,edge,289.3014,395.2842
2025-05-31T14:54:11.317901653Z,workload-7700,900,5368709120,cloud-3,16000,32768,191.1303,cloud,450.2842,443.1292
2025-05-31T14:54:11.318690027Z,workload-7700,900,5368709120,cloud-6,24000,61440,179.1791,cloud,568.9039,647.3063
2025-05-31T14:54:11.419461959Z,workload-16,1676,5976883200,cloud-3,16000,32768,191.1303,cloud,438.2842,452.1292
2025-05-31T14:54:11.425632551Z,workload-16,1676,5976883200,cloud-2,10000,24576,179.1791,cloud,370.9745,475.1292
2025-05-31T14:54:11.425713707Z,workload-16,1676,5976883200,cloud-1,8000,16384,169.5159,cloud,439.2842,519.7821
2025-05-31T14:54:11.426178295Z,workload-16,1676,5976883200,cloud-7,32000,65536,191.1303,cloud,565.5318,552.5318
2025-05-31T14:54:11.428428667Z,workload-16,1676,5976883200,cloud-6,24000,61440,179.1791,cloud,580.9039,671.7273
2025-05-31T14:54:11.429628549Z,workload-16,1676,5976883200,edge-12,4000,8192,166.3510,edge,291.3014,449.4236
2025-05-31T14:54:11.432942124Z,workload-16,1676,5976883200,cloud-8,8000,40960,166.3510,cloud,423.2842,520.7821
2025-05-31T14:54:11.432684198Z,workload-16,1676,5976883200,cloud-5,20000,65536,169.5159,cloud,507.4236,493.4236
2025-05-31T14:54:11.433673856Z,workload-16,1676,5976883200,edge-11,4000,6144,191.1303,edge,164.5013,426.1292
2025-05-31T14:54:11.436239913Z,workload-16,1676,5976883200,cloud-4,6000,49152,166.3510,cloud,467.1292,586.2624
2025-05-31T14:54:11.534436149Z,workload-3633,1001,8598323200,cloud-8,8000,40960,166.3510,cloud,439.2842,489.3475
2025-05-31T14:54:11.536706427Z,workload-3633,1001,8598323200,cloud-3,16000,32768,191.1303,cloud,474.1292,510.7821
2025-05-31T14:54:11.53699194Z,workload-3633,1001,8598323200,cloud-7,32000,65536,191.1303,cloud,535.8903,563.8903
2025-05-31T14:54:11.537165078Z,workload-3633,1001,8598323200,cloud-6,24000,61440,179.1791,cloud,601.9039,644.3063
2025-05-31T14:54:11.537434807Z,workload-3633,1001,8598323200,cloud-4,6000,49152,166.3510,cloud,444.1292,544.4454
2025-05-31T14:54:11.539175404Z,workload-3633,1001,8598323200,cloud-5,20000,65536,169.5159,cloud,498.4236,499.4236
2025-05-31T14:54:11.540414537Z,workload-3633,1001,8598323200,cloud-2,10000,24576,179.1791,cloud,398.9745,439.2842
2025-05-31T14:54:11.540335546Z,workload-3633,1001,8598323200,cloud-1,8000,16384,169.5159,cloud,432.2842,449.1292
2025-05-31T14:54:11.662510845Z,workload-7015,613,1205862400,cloud-1,8000,16384,169.5159,cloud,420.2842,471.1292
2025-05-31T14:54:11.663569786Z,workload-7015,613,1205862400,edge-8,3000,1280,166.3510,edge,174.5013,311.9465
2025-05-31T14:54:11.663438763Z,workload-7015,613,1205862400,cloud-3,16000,32768,191.1303,cloud,469.1292,491.9891
2025-05-31T14:54:11.673149077Z,workload-7015,613,1205862400,edge-6,2000,3072,179.1791,edge,163.5013,383.0268
2025-05-31T14:54:11.675162895Z,workload-7015,613,1205862400,edge-9,3000,2560,169.5159,edge,186.5013,297.9465
2025-05-31T14:54:11.675873047Z,workload-7015,613,1205862400,edge-11,4000,6144,191.1303,edge,179.5013,304.3014
2025-05-31T14:54:11.67552733Z,workload-7015,613,1205862400,cloud-5,20000,65536,169.5159,cloud,491.4236,490.4236
2025-05-31T14:54:11.679965846Z,workload-7015,613,1205862400,edge-10,4000,5120,179.1791,edge,174.5013,297.3014
2025-05-31T14:54:11.680425684Z,workload-7015,613,1205862400,edge-4,2000,1536,166.3510,edge,178.5013,360.0268
2025-05-31T14:54:11.683838573Z,workload-7015,613,1205862400,cloud-2,10000,24576,179.1791,cloud,364.9745,409.0268
2025-05-31T14:54:11.681348574Z,workload-7015,613,1205862400,cloud-4,6000,49152,166.3510,cloud,539.4454,598.9039
2025-05-31T14:54:11.689002117Z,workload-7015,613,1205862400,edge-7,3000,4096,191.1303,edge,178.5013,322.9465
2025-05-31T14:54:11.689091375Z,workload-7015,613,1205862400,cloud-6,24000,61440,179.1791,cloud,585.9039,670.3063
2025-05-31T14:54:11.690714009Z,workload-7015,613,1205862400,cloud-7,32000,65536,191.1303,cloud,549.5318,566.5318
2025-05-31T14:54:11.691786569Z,workload-7015,613,1205862400,edge-12,4000,8192,166.3510,edge,306.3014,341.1925
2025-05-31T14:54:11.693737809Z,workload-7015,613,1205862400,edge-5,2000,2048,169.5159,edge,177.5013,376.0268
2025-05-31T14:54:11.696535043Z,workload-7015,613,1205862400,cloud-8,8000,40960,166.3510,cloud,443.2842,457.1292
2025-05-31T14:54:11.805237022Z,workload-7372,3000,4294967296,edge-12,4000,8192,166.3510,edge,303.3014,630.0858
2025-05-31T14:54:11.808990669Z,workload-7372,3000,4294967296,edge-11,4000,6144,191.1303,edge,297.3014,626.6261
2025-05-31T14:54:11.812803053Z,workload-7372,3000,4294967296,cloud-3,16000,32768,191.1303,cloud,457.1292,549.5318
2025-05-31T14:54:11.810328139Z,workload-7372,3000,4294967296,edge-10,4000,5120,179.1791,edge,158.5013,543.9039
2025-05-31T14:54:11.816589247Z,workload-7372,3000,4294967296,cloud-2,10000,24576,179.1791,cloud,378.9745,503.7821
2025-05-31T14:54:11.820522946Z,workload-7372,3000,4294967296,cloud-6,24000,61440,179.1791,cloud,577.9039,686.8457
2025-05-31T14:54:11.822620435Z,workload-7372,3000,4294967296,cloud-7,32000,65536,191.1303,cloud,565.8903,568.2624
2025-05-31T14:54:11.824714222Z,workload-7372,3000,4294967296,cloud-1,8000,16384,169.5159,cloud,435.2842,566.9039
2025-05-31T14:54:11.826494489Z,workload-7372,3000,4294967296,edge-7,3000,4096,191.1303,edge,159.5013,692.9514
2025-05-31T14:54:11.82812746Z,workload-7372,3000,4294967296,cloud-5,20000,65536,169.5159,cloud,489.4236,563.5318
2025-05-31T14:54:11.828386992Z,workload-7372,3000,4294967296,cloud-8,8000,40960,166.3510,cloud,447.2842,570.2624
2025-05-31T14:54:11.93795899Z,workload-4215,1757,1153433600,edge-8,3000,1280,166.3510,edge,163.5013,466.4236
2025-05-31T14:54:11.94537542Z,workload-4215,1757,1153433600,cloud-6,24000,61440,179.1791,cloud,594.2624,650.0858
2025-05-31T14:54:11.945638165Z,workload-4215,1757,1153433600,cloud-2,10000,24576,179.1791,cloud,505.7821,569.2624
2025-05-31T14:54:11.946231681Z,workload-4215,1757,1153433600,edge-12,4000,8192,166.3510,edge,294.3014,454.7821
2025-05-31T14:54:11.948158965Z,workload-4215,1757,1153433600,edge-10,4000,5120,179.1791,edge,176.5013,421.1292
2025-05-31T14:54:11.950198066Z,workload-4215,1757,1153433600,cloud-3,16000,32768,191.1303,cloud,443.1292,497.4236
2025-05-31T14:54:11.951534Z,workload-4215,1757,1153433600,cloud-7,32000,65536,191.1303,cloud,561.8903,559.8903
2025-05-31T14:54:11.952355828Z,workload-4215,1757,1153433600,edge-4,2000,1536,166.3510,edge,159.5013,630.0858
2025-05-31T14:54:11.958576637Z,workload-4215,1757,1153433600,edge-11,4000,6144,191.1303,edge,297.3014,452.4236
2025-05-31T14:54:11.958925078Z,workload-4215,1757,1153433600,edge-5,2000,2048,169.5159,edge,167.5013,633.0858
2025-05-31T14:54:11.958896023Z,workload-4215,1757,1153433600,edge-6,2000,3072,179.1791,edge,180.5013,626.7273
2025-05-31T14:54:11.959144171Z,workload-4215,1757,1153433600,cloud-8,8000,40960,166.3510,cloud,437.2842,484.7821
2025-05-31T14:54:11.960220713Z,workload-4215,1757,1153433600,edge-7,3000,4096,191.1303,edge,179.5013,465.7821
2025-05-31T14:54:11.960664348Z,workload-4215,1757,1153433600,edge-9,3000,2560,169.5159,edge,173.5013,446.7821
2025-05-31T14:54:11.964987904Z,workload-4215,1757,1153433600,cloud-1,8000,16384,169.5159,cloud,417.2842,517.4236
2025-05-31T14:54:11.965883765Z,workload-4215,1757,1153433600,cloud-4,6000,49152,166.3510,cloud,545.4454,667.7273
2025-05-31T14:54:11.970554644Z,workload-4215,1757,1153433600,cloud-5,20000,65536,169.5159,cloud,516.4236,516.4236
2025-05-31T14:54:12.075857702Z,workload-7286,1200,3221225472,cloud-3,16000,32768,191.1303,cloud,454.1292,519.4236
2025-05-31T14:54:12.080658068Z,workload-7286,1200,3221225472,cloud-1,8000,16384,169.5159,cloud,433.2842,508.7821
2025-05-31T14:54:12.082223293Z,workload-7286,1200,3221225472,cloud-2,10000,24576,179.1791,cloud,488.4236,547.5318
2025-05-31T14:54:12.085704277Z,workload-7286,1200,3221225472,edge-6,2000,3072,179.1791,edge,180.5013,482.4454
2025-05-31T14:54:12.088527842Z,workload-7286,1200,3221225472,cloud-5,20000,65536,169.5159,cloud,480.4236,518.4236
2025-05-31T14:54:12.098517942Z,workload-7286,1200,3221225472,cloud-7,32000,65536,191.1303,cloud,534.5318,534.5318
2025-05-31T14:54:12.101326839Z,workload-7286,1200,3221225472,cloud-4,6000,49152,166.3510,cloud,555.8039,654.9688
2025-05-31T14:54:12.102311329Z,workload-7286,1200,3221225472,edge-12,4000,8192,166.3510,edge,304.3014,412.1292
2025-05-31T14:54:12.092776178Z,workload-7286,1200,3221225472,edge-10,4000,5120,179.1791,edge,403.1292,534.2624
2025-05-31T14:54:12.108262898Z,workload-7286,1200,3221225472,edge-11,4000,6144,191.1303,edge,305.3014,427.1292
2025-05-31T14:54:12.109554272Z,workload-7286,1200,3221225472,cloud-6,24000,61440,179.1791,cloud,600.9039,661.3063
2025-05-31T14:54:12.109593943Z,workload-7286,1200,3221225472,cloud-8,8000,40960,166.3510,cloud,426.2842,499.7821
2025-05-31T14:54:12.110099877Z,workload-7286,1200,3221225472,edge-7,3000,4096,191.1303,edge,163.5013,404.9872
2025-05-31T14:54:12.217343768Z,workload-2684,4500,5368709120,cloud-6,24000,61440,179.1791,cloud,567.2624,738.5725
2025-05-31T14:54:12.222910997Z,workload-2684,4500,5368709120,cloud-5,20000,65536,169.5159,cloud,507.7821,590.2624
2025-05-31T14:54:12.224995775Z,workload-2684,4500,5368709120,cloud-7,32000,65536,191.1303,cloud,544.5318,597.9039
2025-05-31T14:54:12.227431228Z,workload-2684,4500,5368709120,cloud-1,8000,16384,169.5159,cloud,442.2842,719.8457
2025-05-31T14:54:12.227489825Z,workload-2684,4500,5368709120,cloud-3,16000,32768,191.1303,cloud,465.1292,601.2624
2025-05-31T14:54:12.228203329Z,workload-2684,4500,5368709120,cloud-2,10000,24576,179.1791,cloud,501.7821,732.5725
2025-05-31T14:54:12.328178435Z,workload-5964,1552,7077888000,cloud-3,16000,32768,191.1303,cloud,456.1292,499.4236
2025-05-31T14:54:12.330695254Z,workload-5964,1552,7077888000,cloud-6,24000,61440,179.1791,cloud,574.2624,655.0858
2025-05-31T14:54:12.333869005Z,workload-5964,1552,7077888000,cloud-1,8000,16384,169.5159,cloud,426.2842,492.7821
2025-05-31T14:54:12.334132867Z,workload-5964,1552,7077888000,cloud-2,10000,24576,179.1791,cloud,508.7821,538.8903
2025-05-31T14:54:12.334485429Z,workload-5964,1552,7077888000,cloud-7,32000,65536,191.1303,cloud,552.5318,539.5318
2025-05-31T14:54:12.334620223Z,workload-5964,1552,7077888000,cloud-5,20000,65536,169.5159,cloud,577.2624,661.6647
2025-05-31T14:54:12.334543328Z,workload-5964,1552,7077888000,cloud-4,6000,49152,166.3510,cloud,556.4454,647.7273
2025-05-31T14:54:12.337050019Z,workload-5964,1552,7077888000,cloud-8,8000,40960,166.3510,cloud,497.4236,574.9039
2025-05-31T14:54:12.433281815Z,workload-6300,1521,5033164800,cloud-2,10000,24576,179.1791,cloud,518.7821,557.8903
2025-05-31T14:54:12.436079398Z,workload-6300,1521,5033164800,cloud-5,20000,65536,169.5159,cloud,569.2624,639.6647
2025-05-31T14:54:12.442898751Z,workload-6300,1521,5033164800,cloud-4,6000,49152,166.3510,cloud,554.8039,672.0858
2025-05-31T14:54:12.444250679Z,workload-6300,1521,5033164800,edge-11,4000,6144,191.1303,edge,291.3014,449.4236
2025-05-31T14:54:12.445223575Z,workload-6300,1521,5033164800,cloud-1,8000,16384,169.5159,cloud,441.2842,487.7821
2025-05-31T14:54:12.443851323Z,workload-6300,1521,5033164800,edge-12,4000,8192,166.3510,edge,317.3014,436.3475
2025-05-31T14:54:12.443707309Z,workload-6300,1521,5033164800,cloud-6,24000,61440,179.1791,cloud,600.2624,657.0858
2025-05-31T14:54:12.444963135Z,workload-6300,1521,5033164800,cloud-7,32000,65536,191.1303,cloud,555.8903,575.2624
2025-05-31T14:54:12.446004825Z,workload-6300,1521,5033164800,cloud-3,16000,32768,191.1303,cloud,464.1292,510.7821
2025-05-31T14:54:12.446093454Z,workload-6300,1521,5033164800,cloud-8,8000,40960,166.3510,cloud,514.4236,577.9039
2025-05-31T14:54:12.547004231Z,workload-5245,1759,2359296000,cloud-1,8000,16384,169.5159,cloud,507.7821,569.2624
2025-05-31T14:54:12.559240025Z,workload-5245,1759,2359296000,edge-11,4000,6144,191.1303,edge,318.3014,469.7821
2025-05-31T14:54:12.561097258Z,workload-5245,1759,2359296000,cloud-3,16000,32768,191.1303,cloud,460.1292,502.4236
2025-05-31T14:54:12.567383019Z,workload-5245,1759,2359296000,cloud-8,8000,40960,166.3510,cloud,519.4236,565.9039
2025-05-31T14:54:12.56852598Z,workload-5245,1759,2359296000,edge-10,4000,5120,179.1791,edge,404.1292,616.7273
2025-05-31T14:54:12.569336424Z,workload-5245,1759,2359296000,cloud-6,24000,61440,179.1791,cloud,583.2624,658.0858
2025-05-31T14:54:12.571530365Z,workload-5245,1759,2359296000,edge-7,3000,4096,191.1303,edge,174.5013,467.7821
2025-05-31T14:54:12.555598683Z,workload-5245,1759,2359296000,cloud-5,20000,65536,169.5159,cloud,566.9039,651.3063
2025-05-31T14:54:12.581060697Z,workload-5245,1759,2359296000,cloud-4,6000,49152,166.3510,cloud,551.8039,645.0858
2025-05-31T14:54:12.58298386Z,workload-5245,1759,2359296000,edge-6,2000,3072,179.1791,edge,180.5013,613.7273
2025-05-31T14:54:12.584266784Z,workload-5245,1759,2359296000,cloud-2,10000,24576,179.1791,cloud,503.7821,581.2624
2025-05-31T14:54:12.583621167Z,workload-5245,1759,2359296000,edge-12,4000,8192,166.3510,edge,305.3014,466.7821
2025-05-31T14:54:12.586619964Z,workload-5245,1759,2359296000,edge-9,3000,2560,169.5159,edge,163.5013,470.7821
2025-05-31T14:54:12.588679389Z,workload-5245,1759,2359296000,cloud-7,32000,65536,191.1303,cloud,566.8903,577.2624
2025-05-31T14:54:12.700952658Z,workload-7183,4000,5368709120,cloud-2,10000,24576,179.1791,cloud,501.7821,714.8457
2025-05-31T14:54:12.703038413Z,workload-7183,4000,5368709120,cloud-7,32000,65536,191.1303,cloud,532.8903,602.2624
2025-05-31T14:54:12.704988256Z,workload-7183,4000,5368709120,cloud-3,16000,32768,191.1303,cloud,468.1292,571.2624
2025-05-31T14:54:12.705443485Z,workload-7183,4000,5368709120,cloud-6,24000,61440,179.1791,cloud,600.9039,707.8457
2025-05-31T14:54:12.706977141Z,workload-7183,4000,5368709120,cloud-5,20000,65536,169.5159,cloud,593.2624,715.8457
2025-05-31T14:54:12.830493402Z,workload-5554,1100,3221225472,cloud-3,16000,32768,191.1303,cloud,583.2624,585.2624
2025-05-31T14:54:12.833250337Z,workload-5554,1100,3221225472,edge-6,2000,3072,179.1791,edge,169.5013,470.7821
2025-05-31T14:54:12.834919696Z,workload-5554,1100,3221225472,cloud-6,24000,61440,179.1791,cloud,565.2624,665.6647
2025-05-31T14:54:12.829606202Z,workload-5554,1100,3221225472,cloud-4,6000,49152,166.3510,cloud,534.4454,564.9039
2025-05-31T14:54:12.837346768Z,workload-5554,1100,3221225472,edge-11,4000,6144,191.1303,edge,305.3014,428.1292
2025-05-31T14:54:12.838685216Z,workload-5554,1100,3221225472,edge-12,4000,8192,166.3510,edge,459.4236,606.3063
2025-05-31T14:54:12.840203926Z,workload-5554,1100,3221225472,cloud-7,32000,65536,191.1303,cloud,538.8903,573.2624
2025-05-31T14:54:12.841441103Z,workload-5554,1100,3221225472,cloud-1,8000,16384,169.5159,cloud,497.4236,552.5318
2025-05-31T14:54:12.841537415Z,workload-5554,1100,3221225472,edge-10,4000,5120,179.1791,edge,405.1292,549.2624
2025-05-31T14:54:12.840756165Z,workload-5554,1100,3221225472,cloud-5,20000,65536,169.5159,cloud,586.9039,579.9039
2025-05-31T14:54:12.842170042Z,workload-5554,1100,3221225472,edge-7,3000,4096,191.1303,edge,168.5013,391.2842
2025-05-31T14:54:12.844319982Z,workload-5554,1100,3221225472,cloud-8,8000,40960,166.3510,cloud,514.7821,559.8903
2025-05-31T14:54:12.845554575Z,workload-5554,1100,3221225472,cloud-2,10000,24576,179.1791,cloud,493.4236,541.5318
2025-05-31T14:54:12.937334725Z,workload-5478,900,4294967296,cloud-5,20000,65536,169.5159,cloud,591.2624,570.2624
2025-05-31T14:54:12.938522944Z,workload-5478,900,4294967296,edge-7,3000,4096,191.1303,edge,183.5013,365.0268
2025-05-31T14:54:12.939512602Z,workload-5478,900,4294967296,cloud-8,8000,40960,166.3510,cloud,531.8903,598.2624
2025-05-31T14:54:12.940942193Z,workload-5478,900,4294967296,edge-11,4000,6144,191.1303,edge,295.3014,384.2842
2025-05-31T14:54:12.941994919Z,workload-5478,900,4294967296,cloud-2,10000,24576,179.1791,cloud,480.4236,531.5318
2025-05-31T14:54:12.942686911Z,workload-5478,900,4294967296,cloud-6,24000,61440,179.1791,cloud,591.9039,672.3063
2025-05-31T14:54:12.946783482Z,workload-5478,900,4294967296,cloud-4,6000,49152,166.3510,cloud,561.8039,570.2624
2025-05-31T14:54:12.947295911Z,workload-5478,900,4294967296,edge-12,4000,8192,166.3510,edge,452.7821,535.2624
2025-05-31T14:54:12.947739826Z,workload-5478,900,4294967296,cloud-7,32000,65536,191.1303,cloud,564.8903,555.8903
2025-05-31T14:54:12.948151264Z,workload-5478,900,4294967296,cloud-3,16000,32768,191.1303,cloud,588.2624,588.2624
2025-05-31T14:54:12.949068077Z,workload-5478,900,4294967296,cloud-1,8000,16384,169.5159,cloud,510.4236,542.5318
2025-05-31T14:54:13.161199327Z,workload-2144,1230,2883584000,cloud-7,32000,65536,191.1303,cloud,708.8457,684.8457
2025-05-31T14:54:13.163434404Z,workload-2144,1230,2883584000,edge-11,4000,6144,191.1303,edge,309.3014,430.1292
2025-05-31T14:54:13.163673682Z,workload-2144,1230,2883584000,edge-12,4000,8192,166.3510,edge,449.4236,608.7273
2025-05-31T14:54:13.166784995Z,workload-2144,1230,2883584000,cloud-6,24000,61440,179.1791,cloud,601.9039,676.3063
2025-05-31T14:54:13.169796293Z,workload-2144,1230,2883584000,cloud-8,8000,40960,166.3510,cloud,562.8903,647.6647
2025-05-31T14:54:13.171990513Z,workload-2144,1230,2883584000,cloud-5,20000,65536,169.5159,cloud,567.2624,602.2624
2025-05-31T14:54:13.172866539Z,workload-2144,1230,2883584000,cloud-4,6000,49152,166.3510,cloud,561.4454,640.6103
2025-05-31T14:54:13.175778872Z,workload-2144,1230,2883584000,edge-6,2000,3072,179.1791,edge,183.5013,509.8903
2025-05-31T14:54:13.181932004Z,workload-2144,1230,2883584000,edge-10,4000,5120,179.1791,edge,422.1292,525.9039
2025-05-31T14:54:13.185102891Z,workload-2144,1230,2883584000,cloud-3,16000,32768,191.1303,cloud,580.9039,572.9039
2025-05-31T14:54:13.18550525Z,workload-2144,1230,2883584000,cloud-1,8000,16384,169.5159,cloud,481.4236,571.9039
2025-05-31T14:54:13.184350276Z,workload-2144,1230,2883584000,edge-7,3000,4096,191.1303,edge,171.5013,422.1292
2025-05-31T14:54:13.186743684Z,workload-2144,1230,2883584000,cloud-2,10000,24576,179.1791,cloud,503.7821,551.8903
2025-05-31T14:54:13.293749136Z,workload-45,1000,6442450944,cloud-6,24000,61440,179.1791,cloud,587.9039,655.3063
2025-05-31T14:54:13.294526684Z,workload-45,1000,6442450944,cloud-2,10000,24576,179.1791,cloud,495.4236,553.5318
2025-05-31T14:54:13.297635552Z,workload-45,1000,6442450944,cloud-4,6000,49152,166.3510,cloud,538.8039,567.2624
2025-05-31T14:54:13.297725229Z,workload-45,1000,6442450944,cloud-5,20000,65536,169.5159,cloud,566.2624,572.2624
2025-05-31T14:54:13.300253013Z,workload-45,1000,6442450944,cloud-7,32000,65536,191.1303,cloud,701.8457,710.8457
2025-05-31T14:54:13.300764674Z,workload-45,1000,6442450944,cloud-3,16000,32768,191.1303,cloud,565.9039,593.9039
2025-05-31T14:54:13.301189941Z,workload-45,1000,6442450944,cloud-8,8000,40960,166.3510,cloud,530.5318,565.9039
