timestamp,pod_name,chosen_node_name
2025-06-01T19:35:56.613606107Z,workload-6924,cloud-7
2025-06-01T19:35:56.731132671Z,workload-8868,cloud-6
2025-06-01T19:35:56.827154876Z,workload-7539,cloud-5
2025-06-01T19:35:56.933507591Z,workload-4565,cloud-3
2025-06-01T19:35:57.035607499Z,workload-594,cloud-6
2025-06-01T19:35:57.132862411Z,workload-6822,cloud-8
2025-06-01T19:35:57.248449399Z,workload-5035,cloud-2
2025-06-01T19:35:57.337941954Z,workload-9959,cloud-7
2025-06-01T19:35:57.455945957Z,workload-5316,cloud-3
2025-06-01T19:35:57.561823747Z,workload-7386,cloud-6
2025-06-01T19:35:57.677503485Z,workload-7468,cloud-1
2025-06-01T19:35:57.776771098Z,workload-3330,cloud-4
2025-06-01T19:35:57.889843641Z,workload-194,cloud-2
2025-06-01T19:35:57.991005853Z,workload-4500,cloud-2
2025-06-01T19:35:58.113994535Z,workload-9202,cloud-4
2025-06-01T19:35:58.231160785Z,workload-6235,cloud-5
2025-06-01T19:35:58.340148211Z,workload-9982,cloud-7
2025-06-01T19:35:58.459610092Z,workload-8740,cloud-3
2025-06-01T19:35:58.566918382Z,workload-2638,cloud-7
2025-06-01T19:35:58.710364634Z,workload-8425,cloud-5
2025-06-01T19:35:58.805721596Z,workload-8072,cloud-8
2025-06-01T19:35:58.91180528Z,workload-499,cloud-7
2025-06-01T19:35:59.031948327Z,workload-8732,cloud-5
2025-06-01T19:35:59.142738091Z,workload-7267,edge-12
2025-06-01T19:35:59.250025708Z,workload-6828,cloud-4
2025-06-01T19:35:59.348232564Z,workload-5024,cloud-3
2025-06-01T19:35:59.459134843Z,workload-7775,cloud-2
2025-06-01T19:35:59.567164459Z,workload-4691,cloud-6
2025-06-01T19:35:59.688284314Z,workload-1121,cloud-5
2025-06-01T19:35:59.804155418Z,workload-651,cloud-1
2025-06-01T19:35:59.917006982Z,workload-4796,cloud-8
2025-06-01T19:36:00.028367004Z,workload-8712,cloud-5
2025-06-01T19:36:00.141364747Z,workload-5788,cloud-4
2025-06-01T19:36:00.254040658Z,workload-7700,cloud-5
2025-06-01T19:36:00.35784736Z,workload-16,cloud-8
2025-06-01T19:36:00.46238775Z,workload-3633,cloud-5
2025-06-01T19:36:00.582029682Z,workload-7015,edge-11
2025-06-01T19:36:00.676797319Z,workload-7372,cloud-3
2025-06-01T19:36:00.796965369Z,workload-4215,cloud-2
2025-06-01T19:36:00.905786642Z,workload-7286,cloud-2
2025-06-01T19:36:00.997692302Z,workload-2684,cloud-5
2025-06-01T19:36:01.099025067Z,workload-5964,cloud-7
2025-06-01T19:36:01.208966393Z,workload-6300,cloud-3
2025-06-01T19:36:01.320665847Z,workload-5245,edge-10
2025-06-01T19:36:01.415304904Z,workload-7183,cloud-7
2025-06-01T19:36:01.524601521Z,workload-5554,cloud-1
2025-06-01T19:36:01.626408442Z,workload-5478,cloud-4
2025-06-01T19:36:01.820068013Z,workload-2144,edge-12
2025-06-01T19:36:01.916980701Z,workload-45,cloud-8
